{
  "name": "MS5611_SPI",
  "keywords": "MS5611,GY-63,GY63,temperature,pressure,altitude",
  "description": "Arduino library (SPI) for MS5611 temperature and pressure sensor",
  "authors":
  [
    {
      "name": "Rob Tillaart",
      "email": "Rob.Tillaart@gmail.com",
      "maintainer": true
    }
  ],
  "repository":
  {
    "type": "git",
    "url": "https://github.com/RobTillaart/MS5611_SPI.git"
  },
  "version": "0.4.1",
  "license": "MIT",
  "frameworks": "*",
  "platforms": "*",
  "headers": "MS5611_SPI.h"
}
